型号,焦距(mm),工作距离(mm),视野宽H(mm),视野高V(mm),单像素精度(mm/pixel),数据来源
MV-SC1003C-03S-WBN-NR,3.1,100.0,77.0,57.0,0.12,规格书实测
MV-SC1003C-03S-WBN-NR,3.1,120.0,92.0,69.0,0.14,规格书实测
MV-SC1003C-03S-WBN-NR,3.1,140.0,107.0,80.0,0.17,规格书实测
MV-SC1003C-03S-WBN-NR,3.1,160.0,123.0,92.0,0.19,规格书实测
MV-SC1003C-03S-WBN-SR,3.1,220.0,169.0,126.0,0.26,规格书实测
MV-SC1003C-03S-WBN-SR,3.1,240.0,184.0,138.0,0.29,规格书实测
MV-SC1003C-03S-WBN-SR,3.1,260.0,199.0,149.0,0.31,规格书实测
MV-SC1003C-03S-WBN-SR,3.1,280.0,214.0,161.0,0.34,规格书实测
MV-SC1003M-03S-WBN-NR,3.1,100.0,77.0,57.0,0.12,规格书实测
MV-SC1003M-03S-WBN-NR,3.1,120.0,92.0,69.0,0.14,规格书实测
MV-SC1003M-03S-WBN-NR,3.1,140.0,107.0,80.0,0.17,规格书实测
MV-SC1003M-03S-WBN-NR,3.1,160.0,123.0,92.0,0.19,规格书实测
MV-SC1003M-03S-WBN-SR,3.1,220.0,169.0,126.0,0.26,规格书实测
MV-SC1003M-03S-WBN-SR,3.1,240.0,184.0,138.0,0.29,规格书实测
MV-SC1003M-03S-WBN-SR,3.1,260.0,199.0,149.0,0.31,规格书实测
MV-SC1003M-03S-WBN-SR,3.1,280.0,214.0,161.0,0.34,规格书实测
MV-SC1008M-05S-WBN-NR,4.9,100.0,57.0,42.0,0.06,规格书实测
MV-SC1008M-05S-WBN-NR,4.9,120.0,68.0,51.0,0.07,规格书实测
MV-SC1008M-05S-WBN-NR,4.9,140.0,79.0,59.0,0.08,规格书实测
MV-SC1008M-05S-WBN-NR,4.9,160.0,90.0,68.0,0.09,规格书实测
MV-SC1008M-05S-WBN-SR,4.9,220.0,124.0,93.0,0.12,规格书实测
MV-SC1008M-05S-WBN-SR,4.9,240.0,136.0,102.0,0.13,规格书实测
MV-SC1008M-05S-WBN-SR,4.9,260.0,147.0,110.0,0.14,规格书实测
MV-SC1008M-05S-WBN-SR,4.9,280.0,158.0,119.0,0.15,规格书实测
MV-SC2004EC-08S-WBN,8.0,80.0,48.0,37.0,0.07,规格书实测
MV-SC2004EC-12S-WBN,12.4,200.0,78.0,60.0,0.11,规格书实测
MV-SC2004EC-15S-WBN,14.8,270.0,89.0,68.0,0.13,规格书实测
MV-SC2004EM-06S-WBN-Mini,8.0,80.0,48.0,37.0,0.07,规格书实测
MV-SC2004EM-06S-WBN-Mini,8.0,100.0,60.0,46.0,0.08,规格书实测
MV-SC2004EM-06S-WBN-Mini,8.0,200.0,119.0,91.0,0.17,规格书实测
MV-SC2004EM-06S-WBN-Mini,8.0,300.0,179.0,137.0,0.25,规格书实测
MV-SC2004EM-06S-WBN-Mini,8.0,600.0,357.0,274.0,0.51,规格书实测
MV-SC2004EM-06S-WBN-Mini,8.0,1000.0,595.0,457.0,0.85,规格书实测
MV-SC2004EM-06S-WBN-Mini,8.0,2000.0,1191.0,913.0,1.69,规格书实测
MV-SC2004EM-06S-WBN-Mini,12.4,300.0,118.0,90.0,0.17,规格书实测
MV-SC2004EM-06S-WBN-Mini,12.4,400.0,157.0,120.0,0.22,规格书实测
MV-SC2004EM-06S-WBN-Mini,12.4,500.0,196.0,150.0,0.28,规格书实测
MV-SC2004EM-06S-WBN-Mini,12.4,600.0,235.0,180.0,0.33,规格书实测
MV-SC2004EM-06S-WBN-Mini,12.4,1000.0,392.0,300.0,0.56,规格书实测
MV-SC2004EM-06S-WBN-Mini,12.4,2000.0,783.0,601.0,1.11,规格书实测
MV-SC2004EM-06S-WBN-Mini,14.8,300.0,98.0,76.0,0.14,规格书实测
MV-SC2004EM-06S-WBN-Mini,14.8,500.0,164.0,126.0,0.23,规格书实测
MV-SC2004EM-06S-WBN-Mini,14.8,1000.0,328.0,252.0,0.47,规格书实测
MV-SC2004EM-06S-WBN-Mini,14.8,1500.0,492.0,378.0,0.7,规格书实测
MV-SC2004EM-06S-WBN-Mini,14.8,2000.0,656.0,504.0,0.93,规格书实测
MV-SC2004EM-06S-WBN-Mini,12.4,200.0,78.0,60.0,0.11,规格书实测
MV-SC2004EM-06S-WBN-Mini,14.8,270.0,89.0,68.0,0.13,规格书实测
MV-SC2004EM-08S-WBN,8.0,80.0,48.0,37.0,0.07,规格书实测
MV-SC2004EM-12S-WBN,12.4,200.0,78.0,60.0,0.11,规格书实测
MV-SC2004EM-15S-WBN,14.8,270.0,89.0,68.0,0.13,规格书实测
MV-SC2013XC-05M-WBN,5.0,25.0,17.0,14.0,0.01,规格书实测
MV-SC2013XC-12M-WBN,12.0,60.0,17.0,14.0,0.01,规格书实测
MV-SC2013XC-16M-WBN,5.0,25.0,17.0,14.0,0.01,规格书实测
MV-SC2013XC-16M-WBN,5.0,100.0,69.0,56.0,0.05,规格书实测
MV-SC2013XC-16M-WBN,5.0,200.0,139.0,111.0,0.11,规格书实测
MV-SC2013XC-16M-WBN,5.0,300.0,208.0,167.0,0.16,规格书实测
MV-SC2013XC-16M-WBN,5.0,600.0,416.0,333.0,0.33,规格书实测
MV-SC2013XC-16M-WBN,5.0,1000.0,694.0,555.0,0.54,规格书实测
MV-SC2013XC-16M-WBN,12.0,100.0,29.0,23.0,0.02,规格书实测
MV-SC2013XC-16M-WBN,12.0,200.0,58.0,46.0,0.05,规格书实测
MV-SC2013XC-16M-WBN,12.0,300.0,86.0,69.0,0.07,规格书实测
MV-SC2013XC-16M-WBN,12.0,600.0,173.0,138.0,0.14,规格书实测
MV-SC2013XC-16M-WBN,12.0,1000.0,288.0,230.0,0.23,规格书实测
MV-SC2013XC-16M-WBN,12.0,60.0,17.0,14.0,0.01,规格书实测
MV-SC2013XM-05M-WBN,5.0,25.0,17.0,14.0,0.01,规格书实测
MV-SC2013XM-12M-WBN,12.0,60.0,17.0,14.0,0.01,规格书实测
MV-SC2013XM-16M-WBN,5.0,25.0,17.0,14.0,0.01,规格书实测
MV-SC2013XM-16M-WBN,5.0,100.0,69.0,56.0,0.05,规格书实测
MV-SC2013XM-16M-WBN,5.0,200.0,139.0,111.0,0.11,规格书实测
MV-SC2013XM-16M-WBN,5.0,300.0,208.0,167.0,0.16,规格书实测
MV-SC2013XM-16M-WBN,5.0,600.0,416.0,333.0,0.33,规格书实测
MV-SC2013XM-16M-WBN,5.0,1000.0,694.0,555.0,0.54,规格书实测
MV-SC2013XM-16M-WBN,12.0,100.0,29.0,23.0,0.02,规格书实测
MV-SC2013XM-16M-WBN,12.0,200.0,58.0,46.0,0.05,规格书实测
MV-SC2013XM-16M-WBN,12.0,300.0,86.0,69.0,0.07,规格书实测
MV-SC2013XM-16M-WBN,12.0,600.0,173.0,138.0,0.14,规格书实测
MV-SC2013XM-16M-WBN,12.0,1000.0,288.0,230.0,0.23,规格书实测
MV-SC2013XM-16M-WBN,12.0,60.0,17.0,14.0,0.01,规格书实测
MV-SC2016EC-03S-MED,8.0,80.0,48.0,35.0,0.03,规格书实测
MV-SC2016EC-03S-MED,8.0,100.0,60.0,43.0,0.04,规格书实测
MV-SC2016EC-03S-MED,8.0,200.0,119.0,87.0,0.08,规格书实测
MV-SC2016EC-03S-MED,8.0,300.0,179.0,130.0,0.13,规格书实测
MV-SC2016EC-03S-MED,8.0,600.0,357.0,260.0,0.25,规格书实测
MV-SC2016EC-03S-MED,8.0,1000.0,595.0,433.0,0.42,规格书实测
MV-SC2016EC-03S-MED,8.0,2000.0,1191.0,866.0,0.85,规格书实测
MV-SC2016EC-03S-MED,12.4,300.0,118.0,85.0,0.08,规格书实测
MV-SC2016EC-03S-MED,12.4,400.0,157.0,114.0,0.11,规格书实测
MV-SC2016EC-03S-MED,12.4,500.0,196.0,142.0,0.14,规格书实测
MV-SC2016EC-03S-MED,12.4,600.0,235.0,171.0,0.17,规格书实测
MV-SC2016EC-03S-MED,12.4,1000.0,392.0,285.0,0.28,规格书实测
MV-SC2016EC-03S-MED,12.4,2000.0,783.0,570.0,0.56,规格书实测
MV-SC2016EC-03S-MED,14.8,300.0,98.0,72.0,0.07,规格书实测
MV-SC2016EC-03S-MED,14.8,500.0,164.0,119.0,0.12,规格书实测
MV-SC2016EC-03S-MED,14.8,1000.0,328.0,239.0,0.23,规格书实测
MV-SC2016EC-03S-MED,14.8,1500.0,492.0,358.0,0.35,规格书实测
MV-SC2016EC-03S-MED,14.8,2000.0,656.0,477.0,0.47,规格书实测
MV-SC2016EC-03S-MED,12.4,200.0,78.0,57.0,0.06,规格书实测
MV-SC2016EC-03S-MED,14.8,270.0,89.0,64.0,0.06,规格书实测
MV-SC2016EC-06S-MED,8.0,80.0,48.0,35.0,0.03,规格书实测
MV-SC2016EC-06S-MED,8.0,100.0,60.0,43.0,0.04,规格书实测
MV-SC2016EC-06S-MED,8.0,200.0,119.0,87.0,0.08,规格书实测
MV-SC2016EC-06S-MED,8.0,300.0,179.0,130.0,0.13,规格书实测
MV-SC2016EC-06S-MED,8.0,600.0,357.0,260.0,0.25,规格书实测
MV-SC2016EC-06S-MED,8.0,1000.0,595.0,433.0,0.42,规格书实测
MV-SC2016EC-06S-MED,8.0,2000.0,1191.0,866.0,0.85,规格书实测
MV-SC2016EC-06S-MED,12.4,300.0,118.0,85.0,0.08,规格书实测
MV-SC2016EC-06S-MED,12.4,400.0,157.0,114.0,0.11,规格书实测
MV-SC2016EC-06S-MED,12.4,500.0,196.0,142.0,0.14,规格书实测
MV-SC2016EC-06S-MED,12.4,600.0,235.0,171.0,0.17,规格书实测
MV-SC2016EC-06S-MED,12.4,1000.0,392.0,285.0,0.28,规格书实测
MV-SC2016EC-06S-MED,12.4,2000.0,783.0,570.0,0.56,规格书实测
MV-SC2016EC-06S-MED,14.8,300.0,98.0,72.0,0.07,规格书实测
MV-SC2016EC-06S-MED,14.8,500.0,164.0,119.0,0.12,规格书实测
MV-SC2016EC-06S-MED,14.8,1000.0,328.0,239.0,0.23,规格书实测
MV-SC2016EC-06S-MED,14.8,1500.0,492.0,358.0,0.35,规格书实测
MV-SC2016EC-06S-MED,14.8,2000.0,656.0,477.0,0.47,规格书实测
MV-SC2016EC-06S-MED,12.4,200.0,78.0,57.0,0.06,规格书实测
MV-SC2016EC-06S-MED,14.8,270.0,89.0,64.0,0.06,规格书实测
MV-SC2016EC-08S-WBN,8.0,80.0,48.0,35.0,0.03,规格书实测
MV-SC2016EC-08S-WBN-S,8.0,80.0,48.0,35.0,0.03,规格书实测
MV-SC2016EC-12S-WBN,12.4,200.0,78.0,57.0,0.06,规格书实测
MV-SC2016EC-15S-WBN,14.8,270.0,89.0,64.0,0.06,规格书实测
MV-SC2016EM-06S-WBN-Mini,8.0,80.0,48.0,35.0,0.03,规格书实测
MV-SC2016EM-06S-WBN-Mini,8.0,100.0,60.0,43.0,0.04,规格书实测
MV-SC2016EM-06S-WBN-Mini,8.0,200.0,119.0,87.0,0.08,规格书实测
MV-SC2016EM-06S-WBN-Mini,8.0,300.0,179.0,130.0,0.13,规格书实测
MV-SC2016EM-06S-WBN-Mini,8.0,600.0,357.0,260.0,0.25,规格书实测
MV-SC2016EM-06S-WBN-Mini,8.0,1000.0,595.0,433.0,0.42,规格书实测
MV-SC2016EM-06S-WBN-Mini,8.0,2000.0,1191.0,866.0,0.85,规格书实测
MV-SC2016EM-06S-WBN-Mini,12.4,300.0,118.0,85.0,0.08,规格书实测
MV-SC2016EM-06S-WBN-Mini,12.4,400.0,157.0,114.0,0.11,规格书实测
MV-SC2016EM-06S-WBN-Mini,12.4,500.0,196.0,142.0,0.14,规格书实测
MV-SC2016EM-06S-WBN-Mini,12.4,600.0,235.0,171.0,0.17,规格书实测
MV-SC2016EM-06S-WBN-Mini,12.4,1000.0,392.0,285.0,0.28,规格书实测
MV-SC2016EM-06S-WBN-Mini,12.4,2000.0,783.0,570.0,0.56,规格书实测
MV-SC2016EM-06S-WBN-Mini,14.8,300.0,98.0,72.0,0.07,规格书实测
MV-SC2016EM-06S-WBN-Mini,14.8,500.0,164.0,119.0,0.12,规格书实测
MV-SC2016EM-06S-WBN-Mini,14.8,1000.0,328.0,239.0,0.23,规格书实测
MV-SC2016EM-06S-WBN-Mini,14.8,1500.0,492.0,358.0,0.35,规格书实测
MV-SC2016EM-06S-WBN-Mini,14.8,2000.0,656.0,477.0,0.47,规格书实测
MV-SC2016EM-06S-WBN-Mini,12.4,200.0,78.0,57.0,0.06,规格书实测
MV-SC2016EM-06S-WBN-Mini,14.8,270.0,89.0,64.0,0.06,规格书实测
MV-SC2016EM-06S-WBN-S,8.0,80.0,48.0,35.0,0.03,规格书实测
MV-SC2016EM-06S-WBN-S,8.0,100.0,60.0,43.0,0.04,规格书实测
MV-SC2016EM-06S-WBN-S,8.0,200.0,119.0,87.0,0.08,规格书实测
MV-SC2016EM-06S-WBN-S,8.0,300.0,179.0,130.0,0.13,规格书实测
MV-SC2016EM-06S-WBN-S,8.0,600.0,357.0,260.0,0.25,规格书实测
MV-SC2016EM-06S-WBN-S,8.0,1000.0,595.0,433.0,0.42,规格书实测
MV-SC2016EM-06S-WBN-S,8.0,2000.0,1191.0,866.0,0.85,规格书实测
MV-SC2016EM-06S-WBN-S,12.4,300.0,118.0,85.0,0.08,规格书实测
MV-SC2016EM-06S-WBN-S,12.4,400.0,157.0,114.0,0.11,规格书实测
MV-SC2016EM-06S-WBN-S,12.4,500.0,196.0,142.0,0.14,规格书实测
MV-SC2016EM-06S-WBN-S,12.4,600.0,235.0,171.0,0.17,规格书实测
MV-SC2016EM-06S-WBN-S,12.4,1000.0,392.0,285.0,0.28,规格书实测
MV-SC2016EM-06S-WBN-S,12.4,2000.0,783.0,570.0,0.56,规格书实测
MV-SC2016EM-06S-WBN-S,14.8,300.0,98.0,72.0,0.07,规格书实测
MV-SC2016EM-06S-WBN-S,14.8,500.0,164.0,119.0,0.12,规格书实测
MV-SC2016EM-06S-WBN-S,14.8,1000.0,328.0,239.0,0.23,规格书实测
MV-SC2016EM-06S-WBN-S,14.8,1500.0,492.0,358.0,0.35,规格书实测
MV-SC2016EM-06S-WBN-S,14.8,2000.0,656.0,477.0,0.47,规格书实测
MV-SC2016EM-06S-WBN-S,12.4,200.0,78.0,57.0,0.06,规格书实测
MV-SC2016EM-06S-WBN-S,14.8,270.0,89.0,64.0,0.06,规格书实测
MV-SC2016EM-08S-WBN,8.0,80.0,48.0,35.0,0.03,规格书实测
MV-SC2016EM-12S-WBN,12.4,200.0,78.0,57.0,0.06,规格书实测
MV-SC2016EM-15S-WBN,14.8,270.0,89.0,64.0,0.06,规格书实测
MV-SC2023XC-05M-WBN,5.0,25.0,21.0,21.0,14.0,规格书实测
MV-SC2023XC-12M-WBN,12.0,60.0,21.0,14.0,0.01,规格书实测
MV-SC2023XC-16M-WBN,16.0,125.0,33.0,22.0,0.02,规格书实测
MV-SC2023XM-05M-WBN,5.0,25.0,21.0,14.0,0.01,规格书实测
MV-SC2023XM-12M-WBN,12.0,60.0,21.0,14.0,0.01,规格书实测
MV-SC2023XM-16M-WBN,16.0,125.0,33.0,22.0,0.02,规格书实测
MV-SC3013XC-05M-MED,8.0,25.0,26.0,22.0,0.02,规格书实测
MV-SC3013XC-05M-MED,8.0,100.0,103.0,87.0,0.08,规格书实测
MV-SC3013XC-05M-MED,8.0,200.0,206.0,173.0,0.17,规格书实测
MV-SC3013XC-05M-MED,8.0,300.0,308.0,260.0,0.25,规格书实测
MV-SC3013XC-05M-MED,8.0,600.0,617.0,520.0,0.51,规格书实测
MV-SC3013XC-05M-MED,8.0,1000.0,1028.0,866.0,0.85,规格书实测
MV-SC3013XC-05M-MED,8.0,2000.0,2056.0,1732.0,1.69,规格书实测
MV-SC3013XC-06M-MED,8.0,25.0,26.0,22.0,0.02,规格书实测
MV-SC3013XC-06M-MED,8.0,100.0,103.0,87.0,0.08,规格书实测
MV-SC3013XC-06M-MED,8.0,200.0,206.0,173.0,0.17,规格书实测
MV-SC3013XC-06M-MED,8.0,300.0,308.0,260.0,0.25,规格书实测
MV-SC3013XC-06M-MED,8.0,600.0,617.0,520.0,0.51,规格书实测
MV-SC3013XC-06M-MED,8.0,1000.0,1028.0,866.0,0.85,规格书实测
MV-SC3013XC-06M-MED,8.0,2000.0,2056.0,1732.0,1.69,规格书实测
MV-SC3013XC-08M-WBN,8.0,25.0,26.0,22.0,0.02,规格书实测
MV-SC3013XC-12M-WBN,8.0,25.0,26.0,22.0,0.02,规格书实测
MV-SC3013XC-12M-WBN,8.0,100.0,103.0,87.0,0.08,规格书实测
MV-SC3013XC-12M-WBN,8.0,200.0,206.0,173.0,0.17,规格书实测
MV-SC3013XC-12M-WBN,8.0,300.0,308.0,260.0,0.25,规格书实测
MV-SC3013XC-12M-WBN,8.0,600.0,617.0,520.0,0.51,规格书实测
MV-SC3013XC-12M-WBN,8.0,1000.0,1028.0,866.0,0.85,规格书实测
MV-SC3013XC-12M-WBN,8.0,2000.0,2056.0,1732.0,1.69,规格书实测
MV-SC3013XC-16M-WBN,8.0,25.0,26.0,22.0,0.02,规格书实测
MV-SC3013XC-16M-WBN,8.0,100.0,103.0,87.0,0.08,规格书实测
MV-SC3013XC-16M-WBN,8.0,200.0,206.0,173.0,0.17,规格书实测
MV-SC3013XC-16M-WBN,8.0,300.0,308.0,260.0,0.25,规格书实测
MV-SC3013XC-16M-WBN,8.0,600.0,617.0,520.0,0.51,规格书实测
MV-SC3013XC-16M-WBN,8.0,1000.0,1028.0,866.0,0.85,规格书实测
MV-SC3013XC-16M-WBN,8.0,2000.0,2056.0,1732.0,1.69,规格书实测
MV-SC3013XM-08M-WBN,8.0,25.0,26.0,22.0,0.02,规格书实测
MV-SC3013XM-12M-WBN,8.0,25.0,26.0,22.0,0.02,规格书实测
MV-SC3013XM-12M-WBN,8.0,100.0,103.0,87.0,0.08,规格书实测
MV-SC3013XM-12M-WBN,8.0,200.0,206.0,173.0,0.17,规格书实测
MV-SC3013XM-12M-WBN,8.0,300.0,308.0,260.0,0.25,规格书实测
MV-SC3013XM-12M-WBN,8.0,600.0,617.0,520.0,0.51,规格书实测
MV-SC3013XM-12M-WBN,8.0,1000.0,1028.0,866.0,0.85,规格书实测
MV-SC3013XM-12M-WBN,8.0,2000.0,2056.0,1732.0,1.69,规格书实测
MV-SC3013XM-16M-WBN,8.0,25.0,26.0,22.0,0.02,规格书实测
MV-SC3013XM-16M-WBN,8.0,100.0,103.0,87.0,0.08,规格书实测
MV-SC3013XM-16M-WBN,8.0,200.0,206.0,173.0,0.17,规格书实测
MV-SC3013XM-16M-WBN,8.0,300.0,308.0,260.0,0.25,规格书实测
MV-SC3013XM-16M-WBN,8.0,600.0,617.0,520.0,0.51,规格书实测
MV-SC3013XM-16M-WBN,8.0,1000.0,1028.0,866.0,0.85,规格书实测
MV-SC3013XM-16M-WBN,8.0,2000.0,2056.0,1732.0,1.69,规格书实测
MV-SC3016C-06M-WBN,6.0,25.0,20.0,15.0,0.01,规格书实测
MV-SC3016C-12M-WBN,12.0,60.0,24.0,18.0,0.02,规格书实测
MV-SC3016C-15M-WBN,14.8,60.0,20.0,14.0,0.01,规格书实测
MV-SC3016M-06M-WBN,6.0,25.0,20.0,15.0,0.01,规格书实测
MV-SC3016M-12M-WBN,12.0,60.0,24.0,18.0,0.02,规格书实测
MV-SC3016M-15M-WBN,14.8,60.0,20.0,14.0,0.01,规格书实测
MV-SC3020XC-08M-WBN,8.0,30.0,19.0,19.0,16.0,规格书实测
MV-SC3020XC-12M-WBN,12.0,60.0,27.0,22.0,0.02,规格书实测
MV-SC3020XC-16M-WBN,16.0,110.0,36.0,30.0,0.02,规格书实测
MV-SC3020XM-08M-WBN,8.0,30.0,19.0,19.0,16.0,规格书实测
MV-SC3020XM-12M-WBN,12.0,60.0,27.0,22.0,0.02,规格书实测
MV-SC3020XM-16M-WBN,16.0,110.0,36.0,30.0,0.02,规格书实测
MV-SC3030XC-05M-MED,8.0,25.0,22.0,16.0,0.01,规格书实测
MV-SC3030XC-05M-MED,8.0,100.0,87.0,65.0,0.04,规格书实测
MV-SC3030XC-05M-MED,8.0,200.0,173.0,130.0,0.08,规格书实测
MV-SC3030XC-05M-MED,8.0,300.0,260.0,195.0,0.13,规格书实测
MV-SC3030XC-05M-MED,8.0,600.0,520.0,390.0,0.25,规格书实测
MV-SC3030XC-05M-MED,8.0,1000.0,866.0,649.0,0.42,规格书实测
MV-SC3030XC-05M-MED,8.0,2000.0,1732.0,1299.0,0.85,规格书实测
MV-SC3030XC-05M-MED,12.0,100.0,59.0,44.0,0.03,规格书实测
MV-SC3030XC-05M-MED,12.0,200.0,118.0,88.0,0.06,规格书实测
MV-SC3030XC-05M-MED,12.0,300.0,177.0,132.0,0.09,规格书实测
MV-SC3030XC-05M-MED,12.0,600.0,353.0,265.0,0.17,规格书实测
MV-SC3030XC-05M-MED,12.0,1000.0,589.0,442.0,0.29,规格书实测
MV-SC3030XC-05M-MED,12.0,2000.0,1178.0,883.0,0.58,规格书实测
MV-SC3030XC-05M-MED,16.0,150.0,66.0,50.0,0.03,规格书实测
MV-SC3030XC-05M-MED,16.0,300.0,132.0,99.0,0.06,规格书实测
MV-SC3030XC-05M-MED,16.0,600.0,265.0,199.0,0.13,规格书实测
MV-SC3030XC-05M-MED,16.0,1000.0,442.0,331.0,0.22,规格书实测
MV-SC3030XC-05M-MED,16.0,2000.0,883.0,662.0,0.43,规格书实测
MV-SC3030XC-05M-MED,12.0,60.0,35.0,26.0,0.02,规格书实测
MV-SC3030XC-05M-MED,16.0,60.0,26.0,20.0,0.01,规格书实测
MV-SC3030XC-08M-WBN,8.0,25.0,22.0,16.0,0.01,规格书实测
MV-SC3030XC-12M-WBN,12.0,60.0,35.0,26.0,0.02,规格书实测
MV-SC3030XC-16M-WBN,16.0,60.0,26.0,20.0,0.01,规格书实测
MV-SC3030XM-08M-WBN,8.0,25.0,22.0,16.0,0.01,规格书实测
MV-SC3030XM-12M-WBN,12.0,60.0,35.0,26.0,0.02,规格书实测
MV-SC3030XM-16M-WBN,16.0,60.0,26.0,20.0,0.01,规格书实测
MV-SC3050XC-08M-WBN,8.0,25.0,26.0,22.0,0.01,规格书实测
MV-SC3050XC-08M-WBN-S,8.0,25.0,26.0,22.0,0.01,规格书实测
MV-SC3050XC-12M-WBN,12.0,60.0,42.0,35.0,0.02,规格书实测
MV-SC3050XC-12M-WBN-S,12.0,60.0,42.0,35.0,0.02,规格书实测
MV-SC3050XC-16M-WBN,16.0,60.0,31.0,26.0,0.01,规格书实测
MV-SC3050XC-16M-WBN-S,16.0,60.0,31.0,26.0,0.01,规格书实测
MV-SC3050XM-08M-WBN,8.0,25.0,26.0,22.0,0.01,规格书实测
MV-SC3050XM-08M-WBN-S,8.0,25.0,26.0,22.0,0.01,规格书实测
MV-SC3050XM-12M-WBN,12.0,60.0,42.0,35.0,0.02,规格书实测
MV-SC3050XM-12M-WBN-S,12.0,60.0,42.0,35.0,0.02,规格书实测
MV-SC3050XM-16M-WBN,16.0,60.0,31.0,26.0,0.01,规格书实测
MV-SC3050XM-16M-WBN-S,16.0,60.0,31.0,26.0,0.01,规格书实测
MV-SC3060XC-08M-WBN,8.0,30.0,24.0,14.0,0.01,规格书实测
MV-SC3060XC-12M-WBN,12.0,60.0,32.0,19.0,0.01,规格书实测
MV-SC3060XC-16M-WBN,16.0,110.0,44.0,26.0,0.01,规格书实测
MV-SC3060XM-08M-WBN,8.0,30.0,24.0,14.0,0.01,规格书实测
MV-SC3060XM-12M-WBN,12.0,60.0,32.0,19.0,0.01,规格书实测
MV-SC3060XM-16M-WBN,16.0,110.0,44.0,26.0,0.01,规格书实测
MV-SC5020XC-00C-NNN,6.0,25.0,23.0,17.0,0.01,规格书实测
MV-SC5020XC-00C-NNN,6.0,100.0,90.0,69.0,0.06,规格书实测
MV-SC5020XC-00C-NNN,6.0,200.0,181.0,138.0,0.11,规格书实测
MV-SC5020XC-00C-NNN,6.0,300.0,271.0,206.0,0.17,规格书实测
MV-SC5020XC-00C-NNN,6.0,500.0,452.0,344.0,0.28,规格书实测
MV-SC5020XC-00C-NNN,6.0,1000.0,905.0,688.0,0.57,规格书实测
MV-SC5020XC-00C-NNN,6.0,2000.0,1810.0,1375.0,1.13,规格书实测
MV-SC5020XC-00C-NNN,12.0,60.0,27.0,21.0,0.02,规格书实测
MV-SC5020XC-00C-NNN,12.0,100.0,46.0,35.0,0.03,规格书实测
MV-SC5020XC-00C-NNN,12.0,200.0,91.0,69.0,0.06,规格书实测
MV-SC5020XC-00C-NNN,12.0,300.0,137.0,104.0,0.09,规格书实测
MV-SC5020XC-00C-NNN,12.0,500.0,228.0,173.0,0.14,规格书实测
MV-SC5020XC-00C-NNN,12.0,1000.0,456.0,347.0,0.29,规格书实测
MV-SC5020XC-00C-NNN,12.0,2000.0,912.0,693.0,0.57,规格书实测
MV-SC5020XC-00C-NNN,12.0,100.0,46.0,35.0,0.03,规格书实测
MV-SC5020XC-00C-NNN,12.0,200.0,92.0,70.0,0.06,规格书实测
MV-SC5020XC-00C-NNN,12.0,300.0,138.0,105.0,0.09,规格书实测
MV-SC5020XC-00C-NNN,12.0,500.0,230.0,175.0,0.14,规格书实测
MV-SC5020XC-00C-NNN,12.0,1000.0,460.0,350.0,0.29,规格书实测
MV-SC5020XC-00C-NNN,12.0,1500.0,690.0,524.0,0.43,规格书实测
MV-SC5020XC-00C-NNN,12.0,2000.0,920.0,699.0,0.58,规格书实测
MV-SC5020XC-00C-NNN,16.0,100.0,35.0,26.0,0.02,规格书实测
MV-SC5020XC-00C-NNN,16.0,200.0,69.0,52.0,0.04,规格书实测
MV-SC5020XC-00C-NNN,16.0,300.0,104.0,79.0,0.06,规格书实测
MV-SC5020XC-00C-NNN,16.0,400.0,138.0,105.0,0.09,规格书实测
MV-SC5020XC-00C-NNN,16.0,500.0,173.0,131.0,0.11,规格书实测
MV-SC5020XC-00C-NNN,16.0,1000.0,345.0,262.0,0.22,规格书实测
MV-SC5020XC-00C-NNN,16.0,2000.0,690.0,524.0,0.43,规格书实测
MV-SC5020XC-00C-NNN,16.0,100.0,35.0,26.0,0.02,规格书实测
MV-SC5020XC-00C-NNN,16.0,200.0,69.0,52.0,0.04,规格书实测
MV-SC5020XC-00C-NNN,16.0,300.0,104.0,79.0,0.06,规格书实测
MV-SC5020XC-00C-NNN,16.0,500.0,173.0,131.0,0.11,规格书实测
MV-SC5020XC-00C-NNN,16.0,1000.0,345.0,262.0,0.22,规格书实测
MV-SC5020XC-00C-NNN,16.0,1500.0,518.0,393.0,0.32,规格书实测
MV-SC5020XC-00C-NNN,16.0,2000.0,690.0,524.0,0.43,规格书实测
MV-SC5020XC-00C-NNN,8.0,100.0,69.0,52.0,0.04,规格书实测
MV-SC5020XC-00C-NNN,8.0,200.0,138.0,105.0,0.09,规格书实测
MV-SC5020XC-00C-NNN,8.0,300.0,207.0,157.0,0.13,规格书实测
MV-SC5020XC-00C-NNN,8.0,500.0,345.0,262.0,0.22,规格书实测
MV-SC5020XC-00C-NNN,8.0,1000.0,690.0,524.0,0.43,规格书实测
MV-SC5020XC-00C-NNN,8.0,1500.0,1035.0,787.0,0.65,规格书实测
MV-SC5020XC-00C-NNN,8.0,2000.0,1380.0,1049.0,0.86,规格书实测
MV-SC5020XC-06M-WBN,6.0,25.0,23.0,17.0,0.01,规格书实测
MV-SC5020XC-06M-WBN,6.0,100.0,90.0,69.0,0.06,规格书实测
MV-SC5020XC-06M-WBN,6.0,200.0,181.0,138.0,0.11,规格书实测
MV-SC5020XC-06M-WBN,6.0,300.0,271.0,206.0,0.17,规格书实测
MV-SC5020XC-06M-WBN,6.0,500.0,452.0,344.0,0.28,规格书实测
MV-SC5020XC-06M-WBN,6.0,1000.0,905.0,688.0,0.57,规格书实测
MV-SC5020XC-06M-WBN,6.0,2000.0,1810.0,1375.0,1.13,规格书实测
MV-SC5020XC-12M-WBN,12.0,60.0,27.0,21.0,0.02,规格书实测
MV-SC5020XC-12M-WBN,12.0,100.0,46.0,35.0,0.03,规格书实测
MV-SC5020XC-12M-WBN,12.0,200.0,91.0,69.0,0.06,规格书实测
MV-SC5020XC-12M-WBN,12.0,300.0,137.0,104.0,0.09,规格书实测
MV-SC5020XC-12M-WBN,12.0,500.0,228.0,173.0,0.14,规格书实测
MV-SC5020XC-12M-WBN,12.0,1000.0,456.0,347.0,0.29,规格书实测
MV-SC5020XC-12M-WBN,12.0,2000.0,912.0,693.0,0.57,规格书实测
MV-SC5020XC-12M-WBN,12.0,100.0,46.0,35.0,0.03,规格书实测
MV-SC5020XC-12M-WBN,12.0,200.0,92.0,70.0,0.06,规格书实测
MV-SC5020XC-12M-WBN,12.0,300.0,138.0,105.0,0.09,规格书实测
MV-SC5020XC-12M-WBN,12.0,500.0,230.0,175.0,0.14,规格书实测
MV-SC5020XC-12M-WBN,12.0,1000.0,460.0,350.0,0.29,规格书实测
MV-SC5020XC-12M-WBN,12.0,1500.0,690.0,524.0,0.43,规格书实测
MV-SC5020XC-12M-WBN,12.0,2000.0,920.0,699.0,0.58,规格书实测
MV-SC5020XC-16M-WBN,16.0,100.0,35.0,26.0,0.02,规格书实测
MV-SC5020XC-16M-WBN,16.0,200.0,69.0,52.0,0.04,规格书实测
MV-SC5020XC-16M-WBN,16.0,300.0,104.0,79.0,0.06,规格书实测
MV-SC5020XC-16M-WBN,16.0,400.0,138.0,105.0,0.09,规格书实测
MV-SC5020XC-16M-WBN,16.0,500.0,173.0,131.0,0.11,规格书实测
MV-SC5020XC-16M-WBN,16.0,1000.0,345.0,262.0,0.22,规格书实测
MV-SC5020XC-16M-WBN,16.0,2000.0,690.0,524.0,0.43,规格书实测
MV-SC5020XC-16M-WBN,16.0,100.0,35.0,26.0,0.02,规格书实测
MV-SC5020XC-16M-WBN,16.0,200.0,69.0,52.0,0.04,规格书实测
MV-SC5020XC-16M-WBN,16.0,300.0,104.0,79.0,0.06,规格书实测
MV-SC5020XC-16M-WBN,16.0,500.0,173.0,131.0,0.11,规格书实测
MV-SC5020XC-16M-WBN,16.0,1000.0,345.0,262.0,0.22,规格书实测
MV-SC5020XC-16M-WBN,16.0,1500.0,518.0,393.0,0.32,规格书实测
MV-SC5020XC-16M-WBN,16.0,2000.0,690.0,524.0,0.43,规格书实测
MV-SC5020XM-00C-NNN,6.0,25.0,23.0,17.0,0.01,规格书实测
MV-SC5020XM-00C-NNN,6.0,100.0,90.0,69.0,0.06,规格书实测
MV-SC5020XM-00C-NNN,6.0,200.0,181.0,138.0,0.11,规格书实测
MV-SC5020XM-00C-NNN,6.0,300.0,271.0,206.0,0.17,规格书实测
MV-SC5020XM-00C-NNN,6.0,500.0,452.0,344.0,0.28,规格书实测
MV-SC5020XM-00C-NNN,6.0,1000.0,905.0,688.0,0.57,规格书实测
MV-SC5020XM-00C-NNN,6.0,2000.0,1810.0,1375.0,1.13,规格书实测
MV-SC5020XM-00C-NNN,12.0,60.0,27.0,21.0,0.02,规格书实测
MV-SC5020XM-00C-NNN,12.0,100.0,46.0,35.0,0.03,规格书实测
MV-SC5020XM-00C-NNN,12.0,200.0,91.0,69.0,0.06,规格书实测
MV-SC5020XM-00C-NNN,12.0,300.0,137.0,104.0,0.09,规格书实测
MV-SC5020XM-00C-NNN,12.0,500.0,228.0,173.0,0.14,规格书实测
MV-SC5020XM-00C-NNN,12.0,1000.0,456.0,347.0,0.29,规格书实测
MV-SC5020XM-00C-NNN,12.0,2000.0,912.0,693.0,0.57,规格书实测
MV-SC5020XM-00C-NNN,12.0,100.0,46.0,35.0,0.03,规格书实测
MV-SC5020XM-00C-NNN,12.0,200.0,92.0,70.0,0.06,规格书实测
MV-SC5020XM-00C-NNN,12.0,300.0,138.0,105.0,0.09,规格书实测
MV-SC5020XM-00C-NNN,12.0,500.0,230.0,175.0,0.14,规格书实测
MV-SC5020XM-00C-NNN,12.0,1000.0,460.0,350.0,0.29,规格书实测
MV-SC5020XM-00C-NNN,12.0,1500.0,690.0,524.0,0.43,规格书实测
MV-SC5020XM-00C-NNN,12.0,2000.0,920.0,699.0,0.58,规格书实测
MV-SC5020XM-00C-NNN,16.0,100.0,35.0,26.0,0.02,规格书实测
MV-SC5020XM-00C-NNN,16.0,200.0,69.0,52.0,0.04,规格书实测
MV-SC5020XM-00C-NNN,16.0,300.0,104.0,79.0,0.06,规格书实测
MV-SC5020XM-00C-NNN,16.0,400.0,138.0,105.0,0.09,规格书实测
MV-SC5020XM-00C-NNN,16.0,500.0,173.0,131.0,0.11,规格书实测
MV-SC5020XM-00C-NNN,16.0,1000.0,345.0,262.0,0.22,规格书实测
MV-SC5020XM-00C-NNN,16.0,2000.0,690.0,524.0,0.43,规格书实测
MV-SC5020XM-00C-NNN,16.0,100.0,35.0,26.0,0.02,规格书实测
MV-SC5020XM-00C-NNN,16.0,200.0,69.0,52.0,0.04,规格书实测
MV-SC5020XM-00C-NNN,16.0,300.0,104.0,79.0,0.06,规格书实测
MV-SC5020XM-00C-NNN,16.0,500.0,173.0,131.0,0.11,规格书实测
MV-SC5020XM-00C-NNN,16.0,1000.0,345.0,262.0,0.22,规格书实测
MV-SC5020XM-00C-NNN,16.0,1500.0,518.0,393.0,0.32,规格书实测
MV-SC5020XM-00C-NNN,16.0,2000.0,690.0,524.0,0.43,规格书实测
MV-SC5020XM-00C-NNN,8.0,100.0,69.0,52.0,0.04,规格书实测
MV-SC5020XM-00C-NNN,8.0,200.0,138.0,105.0,0.09,规格书实测
MV-SC5020XM-00C-NNN,8.0,300.0,207.0,157.0,0.13,规格书实测
MV-SC5020XM-00C-NNN,8.0,500.0,345.0,262.0,0.22,规格书实测
MV-SC5020XM-00C-NNN,8.0,1000.0,690.0,524.0,0.43,规格书实测
MV-SC5020XM-00C-NNN,8.0,1500.0,1035.0,787.0,0.65,规格书实测
MV-SC5020XM-00C-NNN,8.0,2000.0,1380.0,1049.0,0.86,规格书实测
MV-SC5020XM-06M-WBN,6.0,25.0,23.0,17.0,0.01,规格书实测
MV-SC5020XM-06M-WBN,6.0,100.0,90.0,69.0,0.06,规格书实测
MV-SC5020XM-06M-WBN,6.0,200.0,181.0,138.0,0.11,规格书实测
MV-SC5020XM-06M-WBN,6.0,300.0,271.0,206.0,0.17,规格书实测
MV-SC5020XM-06M-WBN,6.0,500.0,452.0,344.0,0.28,规格书实测
MV-SC5020XM-06M-WBN,6.0,1000.0,905.0,688.0,0.57,规格书实测
MV-SC5020XM-06M-WBN,6.0,2000.0,1810.0,1375.0,1.13,规格书实测
MV-SC5020XM-12M-WBN,12.0,60.0,27.0,21.0,0.02,规格书实测
MV-SC5020XM-12M-WBN,12.0,100.0,46.0,35.0,0.03,规格书实测
MV-SC5020XM-12M-WBN,12.0,200.0,91.0,69.0,0.06,规格书实测
MV-SC5020XM-12M-WBN,12.0,300.0,137.0,104.0,0.09,规格书实测
MV-SC5020XM-12M-WBN,12.0,500.0,228.0,173.0,0.14,规格书实测
MV-SC5020XM-12M-WBN,12.0,1000.0,456.0,347.0,0.29,规格书实测
MV-SC5020XM-12M-WBN,12.0,2000.0,912.0,693.0,0.57,规格书实测
MV-SC5020XM-12M-WBN,12.0,100.0,46.0,35.0,0.03,规格书实测
MV-SC5020XM-12M-WBN,12.0,200.0,92.0,70.0,0.06,规格书实测
MV-SC5020XM-12M-WBN,12.0,300.0,138.0,105.0,0.09,规格书实测
MV-SC5020XM-12M-WBN,12.0,500.0,230.0,175.0,0.14,规格书实测
MV-SC5020XM-12M-WBN,12.0,1000.0,460.0,350.0,0.29,规格书实测
MV-SC5020XM-12M-WBN,12.0,1500.0,690.0,524.0,0.43,规格书实测
MV-SC5020XM-12M-WBN,12.0,2000.0,920.0,699.0,0.58,规格书实测
MV-SC5020XM-16M-WBN,16.0,100.0,35.0,26.0,0.02,规格书实测
MV-SC5020XM-16M-WBN,16.0,200.0,69.0,52.0,0.04,规格书实测
MV-SC5020XM-16M-WBN,16.0,300.0,104.0,79.0,0.06,规格书实测
MV-SC5020XM-16M-WBN,16.0,400.0,138.0,105.0,0.09,规格书实测
MV-SC5020XM-16M-WBN,16.0,500.0,173.0,131.0,0.11,规格书实测
MV-SC5020XM-16M-WBN,16.0,1000.0,345.0,262.0,0.22,规格书实测
MV-SC5020XM-16M-WBN,16.0,2000.0,690.0,524.0,0.43,规格书实测
MV-SC5020XM-16M-WBN,16.0,100.0,35.0,26.0,0.02,规格书实测
MV-SC5020XM-16M-WBN,16.0,200.0,69.0,52.0,0.04,规格书实测
MV-SC5020XM-16M-WBN,16.0,300.0,104.0,79.0,0.06,规格书实测
MV-SC5020XM-16M-WBN,16.0,500.0,173.0,131.0,0.11,规格书实测
MV-SC5020XM-16M-WBN,16.0,1000.0,345.0,262.0,0.22,规格书实测
MV-SC5020XM-16M-WBN,16.0,1500.0,518.0,393.0,0.32,规格书实测
MV-SC5020XM-16M-WBN,16.0,2000.0,690.0,524.0,0.43,规格书实测
MV-SC5050XC-00C-NNN,8.0,25.0,26.0,22.0,0.01,规格书实测
MV-SC5050XC-00C-NNN,8.0,100.0,103.0,87.0,0.04,规格书实测
MV-SC5050XC-00C-NNN,8.0,200.0,206.0,173.0,0.08,规格书实测
MV-SC5050XC-00C-NNN,8.0,300.0,308.0,260.0,0.13,规格书实测
MV-SC5050XC-00C-NNN,8.0,500.0,514.0,433.0,0.21,规格书实测
MV-SC5050XC-00C-NNN,8.0,1000.0,1028.0,866.0,0.42,规格书实测
MV-SC5050XC-00C-NNN,8.0,2000.0,2056.0,1732.0,0.85,规格书实测
MV-SC5050XC-00C-NNN,8.0,100.0,105.0,88.0,0.04,规格书实测
MV-SC5050XC-00C-NNN,8.0,200.0,210.0,177.0,0.09,规格书实测
MV-SC5050XC-00C-NNN,8.0,300.0,315.0,265.0,0.13,规格书实测
MV-SC5050XC-00C-NNN,8.0,500.0,524.0,442.0,0.22,规格书实测
MV-SC5050XC-00C-NNN,8.0,1000.0,1049.0,883.0,0.43,规格书实测
MV-SC5050XC-00C-NNN,8.0,1500.0,1573.0,1325.0,0.65,规格书实测
MV-SC5050XC-00C-NNN,8.0,2000.0,2098.0,1766.0,0.86,规格书实测
MV-SC5050XC-00C-NNN,12.0,60.0,42.0,35.0,0.02,规格书实测
MV-SC5050XC-00C-NNN,12.0,100.0,69.0,58.0,0.03,规格书实测
MV-SC5050XC-00C-NNN,12.0,200.0,139.0,117.0,0.06,规格书实测
MV-SC5050XC-00C-NNN,12.0,300.0,208.0,175.0,0.09,规格书实测
MV-SC5050XC-00C-NNN,12.0,500.0,347.0,292.0,0.14,规格书实测
MV-SC5050XC-00C-NNN,12.0,1000.0,693.0,584.0,0.29,规格书实测
MV-SC5050XC-00C-NNN,12.0,2000.0,1387.0,1168.0,0.57,规格书实测
MV-SC5050XC-00C-NNN,12.0,100.0,70.0,59.0,0.03,规格书实测
MV-SC5050XC-00C-NNN,12.0,200.0,140.0,118.0,0.06,规格书实测
MV-SC5050XC-00C-NNN,12.0,300.0,210.0,177.0,0.09,规格书实测
MV-SC5050XC-00C-NNN,12.0,500.0,350.0,294.0,0.14,规格书实测
MV-SC5050XC-00C-NNN,12.0,1000.0,699.0,589.0,0.29,规格书实测
MV-SC5050XC-00C-NNN,12.0,1500.0,1049.0,883.0,0.43,规格书实测
MV-SC5050XC-00C-NNN,12.0,2000.0,1398.0,1178.0,0.58,规格书实测
MV-SC5050XC-00C-NNN,16.0,100.0,52.0,44.0,0.02,规格书实测
MV-SC5050XC-00C-NNN,16.0,200.0,105.0,88.0,0.04,规格书实测
MV-SC5050XC-00C-NNN,16.0,300.0,157.0,132.0,0.06,规格书实测
MV-SC5050XC-00C-NNN,16.0,400.0,210.0,177.0,0.09,规格书实测
MV-SC5050XC-00C-NNN,16.0,500.0,262.0,221.0,0.11,规格书实测
MV-SC5050XC-00C-NNN,16.0,1000.0,524.0,442.0,0.22,规格书实测
MV-SC5050XC-00C-NNN,16.0,2000.0,1049.0,883.0,0.43,规格书实测
MV-SC5050XC-00C-NNN,16.0,100.0,52.0,44.0,0.02,规格书实测
MV-SC5050XC-00C-NNN,16.0,200.0,105.0,88.0,0.04,规格书实测
MV-SC5050XC-00C-NNN,16.0,300.0,157.0,132.0,0.06,规格书实测
MV-SC5050XC-00C-NNN,16.0,500.0,262.0,221.0,0.11,规格书实测
MV-SC5050XC-00C-NNN,16.0,1000.0,524.0,442.0,0.22,规格书实测
MV-SC5050XC-00C-NNN,16.0,1500.0,787.0,662.0,0.32,规格书实测
MV-SC5050XC-00C-NNN,16.0,2000.0,1049.0,883.0,0.43,规格书实测
MV-SC5050XC-08M-WBN,8.0,25.0,26.0,22.0,0.01,规格书实测
MV-SC5050XC-08M-WBN,8.0,100.0,103.0,87.0,0.04,规格书实测
MV-SC5050XC-08M-WBN,8.0,200.0,206.0,173.0,0.08,规格书实测
MV-SC5050XC-08M-WBN,8.0,300.0,308.0,260.0,0.13,规格书实测
MV-SC5050XC-08M-WBN,8.0,500.0,514.0,433.0,0.21,规格书实测
MV-SC5050XC-08M-WBN,8.0,1000.0,1028.0,866.0,0.42,规格书实测
MV-SC5050XC-08M-WBN,8.0,2000.0,2056.0,1732.0,0.85,规格书实测
MV-SC5050XC-08M-WBN,8.0,100.0,105.0,88.0,0.04,规格书实测
MV-SC5050XC-08M-WBN,8.0,200.0,210.0,177.0,0.09,规格书实测
MV-SC5050XC-08M-WBN,8.0,300.0,315.0,265.0,0.13,规格书实测
MV-SC5050XC-08M-WBN,8.0,500.0,524.0,442.0,0.22,规格书实测
MV-SC5050XC-08M-WBN,8.0,1000.0,1049.0,883.0,0.43,规格书实测
MV-SC5050XC-08M-WBN,8.0,1500.0,1573.0,1325.0,0.65,规格书实测
MV-SC5050XC-08M-WBN,8.0,2000.0,2098.0,1766.0,0.86,规格书实测
MV-SC5050XC-12M-WBN,12.0,60.0,42.0,35.0,0.02,规格书实测
MV-SC5050XC-12M-WBN,12.0,100.0,69.0,58.0,0.03,规格书实测
MV-SC5050XC-12M-WBN,12.0,200.0,139.0,117.0,0.06,规格书实测
MV-SC5050XC-12M-WBN,12.0,300.0,208.0,175.0,0.09,规格书实测
MV-SC5050XC-12M-WBN,12.0,500.0,347.0,292.0,0.14,规格书实测
MV-SC5050XC-12M-WBN,12.0,1000.0,693.0,584.0,0.29,规格书实测
MV-SC5050XC-12M-WBN,12.0,2000.0,1387.0,1168.0,0.57,规格书实测
MV-SC5050XC-12M-WBN,12.0,100.0,70.0,59.0,0.03,规格书实测
MV-SC5050XC-12M-WBN,12.0,200.0,140.0,118.0,0.06,规格书实测
MV-SC5050XC-12M-WBN,12.0,300.0,210.0,177.0,0.09,规格书实测
MV-SC5050XC-12M-WBN,12.0,500.0,350.0,294.0,0.14,规格书实测
MV-SC5050XC-12M-WBN,12.0,1000.0,699.0,589.0,0.29,规格书实测
MV-SC5050XC-12M-WBN,12.0,1500.0,1049.0,883.0,0.43,规格书实测
MV-SC5050XC-12M-WBN,12.0,2000.0,1398.0,1178.0,0.58,规格书实测
MV-SC5050XC-16M-WBN,16.0,100.0,52.0,44.0,0.02,规格书实测
MV-SC5050XC-16M-WBN,16.0,200.0,105.0,88.0,0.04,规格书实测
MV-SC5050XC-16M-WBN,16.0,300.0,157.0,132.0,0.06,规格书实测
MV-SC5050XC-16M-WBN,16.0,400.0,210.0,177.0,0.09,规格书实测
MV-SC5050XC-16M-WBN,16.0,500.0,262.0,221.0,0.11,规格书实测
MV-SC5050XC-16M-WBN,16.0,1000.0,524.0,442.0,0.22,规格书实测
MV-SC5050XC-16M-WBN,16.0,2000.0,1049.0,883.0,0.43,规格书实测
MV-SC5050XC-16M-WBN,16.0,100.0,52.0,44.0,0.02,规格书实测
MV-SC5050XC-16M-WBN,16.0,200.0,105.0,88.0,0.04,规格书实测
MV-SC5050XC-16M-WBN,16.0,300.0,157.0,132.0,0.06,规格书实测
MV-SC5050XC-16M-WBN,16.0,500.0,262.0,221.0,0.11,规格书实测
MV-SC5050XC-16M-WBN,16.0,1000.0,524.0,442.0,0.22,规格书实测
MV-SC5050XC-16M-WBN,16.0,1500.0,787.0,662.0,0.32,规格书实测
MV-SC5050XC-16M-WBN,16.0,2000.0,1049.0,883.0,0.43,规格书实测
MV-SC5050XM-00C-NNN,8.0,25.0,26.0,22.0,0.01,规格书实测
MV-SC5050XM-00C-NNN,8.0,100.0,103.0,87.0,0.04,规格书实测
MV-SC5050XM-00C-NNN,8.0,200.0,206.0,173.0,0.08,规格书实测
MV-SC5050XM-00C-NNN,8.0,300.0,308.0,260.0,0.13,规格书实测
MV-SC5050XM-00C-NNN,8.0,500.0,514.0,433.0,0.21,规格书实测
MV-SC5050XM-00C-NNN,8.0,1000.0,1028.0,866.0,0.42,规格书实测
MV-SC5050XM-00C-NNN,8.0,2000.0,2056.0,1732.0,0.85,规格书实测
MV-SC5050XM-00C-NNN,8.0,100.0,105.0,88.0,0.04,规格书实测
MV-SC5050XM-00C-NNN,8.0,200.0,210.0,177.0,0.09,规格书实测
MV-SC5050XM-00C-NNN,8.0,300.0,315.0,265.0,0.13,规格书实测
MV-SC5050XM-00C-NNN,8.0,500.0,524.0,442.0,0.22,规格书实测
MV-SC5050XM-00C-NNN,8.0,1000.0,1049.0,883.0,0.43,规格书实测
MV-SC5050XM-00C-NNN,8.0,1500.0,1573.0,1325.0,0.65,规格书实测
MV-SC5050XM-00C-NNN,8.0,2000.0,2098.0,1766.0,0.86,规格书实测
MV-SC5050XM-00C-NNN,12.0,60.0,42.0,35.0,0.02,规格书实测
MV-SC5050XM-00C-NNN,12.0,100.0,69.0,58.0,0.03,规格书实测
MV-SC5050XM-00C-NNN,12.0,200.0,139.0,117.0,0.06,规格书实测
MV-SC5050XM-00C-NNN,12.0,300.0,208.0,175.0,0.09,规格书实测
MV-SC5050XM-00C-NNN,12.0,500.0,347.0,292.0,0.14,规格书实测
MV-SC5050XM-00C-NNN,12.0,1000.0,693.0,584.0,0.29,规格书实测
MV-SC5050XM-00C-NNN,12.0,2000.0,1387.0,1168.0,0.57,规格书实测
MV-SC5050XM-00C-NNN,12.0,100.0,70.0,59.0,0.03,规格书实测
MV-SC5050XM-00C-NNN,12.0,200.0,140.0,118.0,0.06,规格书实测
MV-SC5050XM-00C-NNN,12.0,300.0,210.0,177.0,0.09,规格书实测
MV-SC5050XM-00C-NNN,12.0,500.0,350.0,294.0,0.14,规格书实测
MV-SC5050XM-00C-NNN,12.0,1000.0,699.0,589.0,0.29,规格书实测
MV-SC5050XM-00C-NNN,12.0,1500.0,1049.0,883.0,0.43,规格书实测
MV-SC5050XM-00C-NNN,12.0,2000.0,1398.0,1178.0,0.58,规格书实测
MV-SC5050XM-00C-NNN,16.0,100.0,52.0,44.0,0.02,规格书实测
MV-SC5050XM-00C-NNN,16.0,200.0,105.0,88.0,0.04,规格书实测
MV-SC5050XM-00C-NNN,16.0,300.0,157.0,132.0,0.06,规格书实测
MV-SC5050XM-00C-NNN,16.0,400.0,210.0,177.0,0.09,规格书实测
MV-SC5050XM-00C-NNN,16.0,500.0,262.0,221.0,0.11,规格书实测
MV-SC5050XM-00C-NNN,16.0,1000.0,524.0,442.0,0.22,规格书实测
MV-SC5050XM-00C-NNN,16.0,2000.0,1049.0,883.0,0.43,规格书实测
MV-SC5050XM-00C-NNN,16.0,100.0,52.0,44.0,0.02,规格书实测
MV-SC5050XM-00C-NNN,16.0,200.0,105.0,88.0,0.04,规格书实测
MV-SC5050XM-00C-NNN,16.0,300.0,157.0,132.0,0.06,规格书实测
MV-SC5050XM-00C-NNN,16.0,500.0,262.0,221.0,0.11,规格书实测
MV-SC5050XM-00C-NNN,16.0,1000.0,524.0,442.0,0.22,规格书实测
MV-SC5050XM-00C-NNN,16.0,1500.0,787.0,662.0,0.32,规格书实测
MV-SC5050XM-00C-NNN,16.0,2000.0,1049.0,883.0,0.43,规格书实测
MV-SC5050XM-08M-WBN,8.0,25.0,26.0,22.0,0.01,规格书实测
MV-SC5050XM-08M-WBN,8.0,100.0,103.0,87.0,0.04,规格书实测
MV-SC5050XM-08M-WBN,8.0,200.0,206.0,173.0,0.08,规格书实测
MV-SC5050XM-08M-WBN,8.0,300.0,308.0,260.0,0.13,规格书实测
MV-SC5050XM-08M-WBN,8.0,500.0,514.0,433.0,0.21,规格书实测
MV-SC5050XM-08M-WBN,8.0,1000.0,1028.0,866.0,0.42,规格书实测
MV-SC5050XM-08M-WBN,8.0,2000.0,2056.0,1732.0,0.85,规格书实测
MV-SC5050XM-08M-WBN,8.0,100.0,105.0,88.0,0.04,规格书实测
MV-SC5050XM-08M-WBN,8.0,200.0,210.0,177.0,0.09,规格书实测
MV-SC5050XM-08M-WBN,8.0,300.0,315.0,265.0,0.13,规格书实测
MV-SC5050XM-08M-WBN,8.0,500.0,524.0,442.0,0.22,规格书实测
MV-SC5050XM-08M-WBN,8.0,1000.0,1049.0,883.0,0.43,规格书实测
MV-SC5050XM-08M-WBN,8.0,1500.0,1573.0,1325.0,0.65,规格书实测
MV-SC5050XM-08M-WBN,8.0,2000.0,2098.0,1766.0,0.86,规格书实测
MV-SC5050XM-12M-WBN,12.0,60.0,42.0,35.0,0.02,规格书实测
MV-SC5050XM-12M-WBN,12.0,100.0,69.0,58.0,0.03,规格书实测
MV-SC5050XM-12M-WBN,12.0,200.0,139.0,117.0,0.06,规格书实测
MV-SC5050XM-12M-WBN,12.0,300.0,208.0,175.0,0.09,规格书实测
MV-SC5050XM-12M-WBN,12.0,500.0,347.0,292.0,0.14,规格书实测
MV-SC5050XM-12M-WBN,12.0,1000.0,693.0,584.0,0.29,规格书实测
MV-SC5050XM-12M-WBN,12.0,2000.0,1387.0,1168.0,0.57,规格书实测
MV-SC5050XM-12M-WBN,12.0,100.0,70.0,59.0,0.03,规格书实测
MV-SC5050XM-12M-WBN,12.0,200.0,140.0,118.0,0.06,规格书实测
MV-SC5050XM-12M-WBN,12.0,300.0,210.0,177.0,0.09,规格书实测
MV-SC5050XM-12M-WBN,12.0,500.0,350.0,294.0,0.14,规格书实测
MV-SC5050XM-12M-WBN,12.0,1000.0,699.0,589.0,0.29,规格书实测
MV-SC5050XM-12M-WBN,12.0,1500.0,1049.0,883.0,0.43,规格书实测
MV-SC5050XM-12M-WBN,12.0,2000.0,1398.0,1178.0,0.58,规格书实测
MV-SC5050XM-16M-WBN,16.0,100.0,52.0,44.0,0.02,规格书实测
MV-SC5050XM-16M-WBN,16.0,200.0,105.0,88.0,0.04,规格书实测
MV-SC5050XM-16M-WBN,16.0,300.0,157.0,132.0,0.06,规格书实测
MV-SC5050XM-16M-WBN,16.0,400.0,210.0,177.0,0.09,规格书实测
MV-SC5050XM-16M-WBN,16.0,500.0,262.0,221.0,0.11,规格书实测
MV-SC5050XM-16M-WBN,16.0,1000.0,524.0,442.0,0.22,规格书实测
MV-SC5050XM-16M-WBN,16.0,2000.0,1049.0,883.0,0.43,规格书实测
MV-SC5050XM-16M-WBN,16.0,100.0,52.0,44.0,0.02,规格书实测
MV-SC5050XM-16M-WBN,16.0,200.0,105.0,88.0,0.04,规格书实测
MV-SC5050XM-16M-WBN,16.0,300.0,157.0,132.0,0.06,规格书实测
MV-SC5050XM-16M-WBN,16.0,500.0,262.0,221.0,0.11,规格书实测
MV-SC5050XM-16M-WBN,16.0,1000.0,524.0,442.0,0.22,规格书实测
MV-SC5050XM-16M-WBN,16.0,1500.0,787.0,662.0,0.32,规格书实测
MV-SC5050XM-16M-WBN,16.0,2000.0,1049.0,883.0,0.43,规格书实测
MV-SC5050XM-PPB-12M-WBN,12.0,60.0,42.0,35.0,0.02,规格书实测
MV-SC5050XM-PPB-12M-WBN,12.0,100.0,69.0,58.0,0.03,规格书实测
MV-SC5050XM-PPB-12M-WBN,12.0,200.0,139.0,117.0,0.06,规格书实测
MV-SC5050XM-PPB-12M-WBN,12.0,300.0,208.0,175.0,0.09,规格书实测
MV-SC5050XM-PPB-12M-WBN,12.0,500.0,347.0,292.0,0.14,规格书实测
MV-SC5050XM-PPB-12M-WBN,12.0,1000.0,693.0,584.0,0.29,规格书实测
MV-SC5050XM-PPB-12M-WBN,12.0,2000.0,1387.0,1168.0,0.57,规格书实测
MV-SC5050XM-PPB-12M-WBN,12.0,100.0,70.0,59.0,0.03,规格书实测
MV-SC5050XM-PPB-12M-WBN,12.0,200.0,140.0,118.0,0.06,规格书实测
MV-SC5050XM-PPB-12M-WBN,12.0,300.0,210.0,177.0,0.09,规格书实测
MV-SC5050XM-PPB-12M-WBN,12.0,500.0,350.0,294.0,0.14,规格书实测
MV-SC5050XM-PPB-12M-WBN,12.0,1000.0,699.0,589.0,0.29,规格书实测
MV-SC5050XM-PPB-12M-WBN,12.0,1500.0,1049.0,883.0,0.43,规格书实测
MV-SC5050XM-PPB-12M-WBN,12.0,2000.0,1398.0,1178.0,0.58,规格书实测
MV-SC5050XM-PPB-16M-WBN,16.0,100.0,52.0,44.0,0.02,规格书实测
MV-SC5050XM-PPB-16M-WBN,16.0,200.0,105.0,88.0,0.04,规格书实测
MV-SC5050XM-PPB-16M-WBN,16.0,300.0,157.0,132.0,0.06,规格书实测
MV-SC5050XM-PPB-16M-WBN,16.0,400.0,210.0,177.0,0.09,规格书实测
MV-SC5050XM-PPB-16M-WBN,16.0,500.0,262.0,221.0,0.11,规格书实测
MV-SC5050XM-PPB-16M-WBN,16.0,1000.0,524.0,442.0,0.22,规格书实测
MV-SC5050XM-PPB-16M-WBN,16.0,2000.0,1049.0,883.0,0.43,规格书实测
MV-SC5050XM-PPB-16M-WBN,16.0,100.0,52.0,44.0,0.02,规格书实测
MV-SC5050XM-PPB-16M-WBN,16.0,200.0,105.0,88.0,0.04,规格书实测
MV-SC5050XM-PPB-16M-WBN,16.0,300.0,157.0,132.0,0.06,规格书实测
MV-SC5050XM-PPB-16M-WBN,16.0,500.0,262.0,221.0,0.11,规格书实测
MV-SC5050XM-PPB-16M-WBN,16.0,1000.0,524.0,442.0,0.22,规格书实测
MV-SC5050XM-PPB-16M-WBN,16.0,1500.0,787.0,662.0,0.32,规格书实测
MV-SC5050XM-PPB-16M-WBN,16.0,2000.0,1049.0,883.0,0.43,规格书实测
MV-SC5050XM-PPM-16M-WBN,16.0,100.0,52.0,44.0,0.02,规格书实测
MV-SC5050XM-PPM-16M-WBN,16.0,200.0,105.0,88.0,0.04,规格书实测
MV-SC5050XM-PPM-16M-WBN,16.0,300.0,157.0,132.0,0.06,规格书实测
MV-SC5050XM-PPM-16M-WBN,16.0,400.0,210.0,177.0,0.09,规格书实测
MV-SC5050XM-PPM-16M-WBN,16.0,500.0,262.0,221.0,0.11,规格书实测
MV-SC5050XM-PPM-16M-WBN,16.0,1000.0,524.0,442.0,0.22,规格书实测
MV-SC5050XM-PPM-16M-WBN,16.0,2000.0,1049.0,883.0,0.43,规格书实测
MV-SC5050XM-PPM-16M-WBN,16.0,100.0,52.0,44.0,0.02,规格书实测
MV-SC5050XM-PPM-16M-WBN,16.0,200.0,105.0,88.0,0.04,规格书实测
MV-SC5050XM-PPM-16M-WBN,16.0,300.0,157.0,132.0,0.06,规格书实测
MV-SC5050XM-PPM-16M-WBN,16.0,500.0,262.0,221.0,0.11,规格书实测
MV-SC5050XM-PPM-16M-WBN,16.0,1000.0,524.0,442.0,0.22,规格书实测
MV-SC5050XM-PPM-16M-WBN,16.0,1500.0,787.0,662.0,0.32,规格书实测
MV-SC5050XM-PPM-16M-WBN,16.0,2000.0,1049.0,883.0,0.43,规格书实测
MV-SC5060XC-00C-NNN,8.0,25.0,20.0,12.0,0.01,规格书实测
MV-SC5060XC-00C-NNN,8.0,100.0,78.0,47.0,0.02,规格书实测
MV-SC5060XC-00C-NNN,8.0,200.0,157.0,94.0,0.05,规格书实测
MV-SC5060XC-00C-NNN,8.0,300.0,235.0,141.0,0.07,规格书实测
MV-SC5060XC-00C-NNN,8.0,600.0,471.0,282.0,0.15,规格书实测
MV-SC5060XC-00C-NNN,8.0,1000.0,784.0,471.0,0.25,规格书实测
MV-SC5060XC-00C-NNN,8.0,2000.0,1569.0,941.0,0.49,规格书实测
MV-SC5060XC-00C-NNN,12.0,100.0,53.0,32.0,0.02,规格书实测
MV-SC5060XC-00C-NNN,12.0,200.0,106.0,63.0,0.03,规格书实测
MV-SC5060XC-00C-NNN,12.0,300.0,159.0,95.0,0.05,规格书实测
MV-SC5060XC-00C-NNN,12.0,600.0,317.0,190.0,0.1,规格书实测
MV-SC5060XC-00C-NNN,12.0,1000.0,529.0,317.0,0.17,规格书实测
MV-SC5060XC-00C-NNN,12.0,2000.0,1058.0,635.0,0.33,规格书实测
MV-SC5060XC-00C-NNN,16.0,150.0,60.0,36.0,0.02,规格书实测
MV-SC5060XC-00C-NNN,16.0,300.0,120.0,72.0,0.04,规格书实测
MV-SC5060XC-00C-NNN,16.0,400.0,160.0,96.0,0.05,规格书实测
MV-SC5060XC-00C-NNN,16.0,600.0,240.0,144.0,0.08,规格书实测
MV-SC5060XC-00C-NNN,16.0,1000.0,400.0,240.0,0.13,规格书实测
MV-SC5060XC-00C-NNN,16.0,2000.0,800.0,480.0,0.25,规格书实测
MV-SC5060XC-00C-NNN,12.0,60.0,32.0,19.0,0.01,规格书实测
MV-SC5060XC-00C-NNN,16.0,100.0,40.0,24.0,0.01,规格书实测
MV-SC5060XC-08M-WBN,8.0,25.0,20.0,12.0,0.01,规格书实测
MV-SC5060XC-12M-WBN,12.0,60.0,32.0,19.0,0.01,规格书实测
MV-SC5060XC-16M-WBN,16.0,100.0,40.0,24.0,0.01,规格书实测
MV-SC5060XM-00C-NNN,8.0,25.0,20.0,12.0,0.01,规格书实测
MV-SC5060XM-00C-NNN,8.0,100.0,78.0,47.0,0.02,规格书实测
MV-SC5060XM-00C-NNN,8.0,200.0,157.0,94.0,0.05,规格书实测
MV-SC5060XM-00C-NNN,8.0,300.0,235.0,141.0,0.07,规格书实测
MV-SC5060XM-00C-NNN,8.0,600.0,471.0,282.0,0.15,规格书实测
MV-SC5060XM-00C-NNN,8.0,1000.0,784.0,471.0,0.25,规格书实测
MV-SC5060XM-00C-NNN,8.0,2000.0,1569.0,941.0,0.49,规格书实测
MV-SC5060XM-00C-NNN,12.0,100.0,53.0,32.0,0.02,规格书实测
MV-SC5060XM-00C-NNN,12.0,200.0,106.0,63.0,0.03,规格书实测
MV-SC5060XM-00C-NNN,12.0,300.0,159.0,95.0,0.05,规格书实测
MV-SC5060XM-00C-NNN,12.0,600.0,317.0,190.0,0.1,规格书实测
MV-SC5060XM-00C-NNN,12.0,1000.0,529.0,317.0,0.17,规格书实测
MV-SC5060XM-00C-NNN,12.0,2000.0,1058.0,635.0,0.33,规格书实测
MV-SC5060XM-00C-NNN,16.0,150.0,60.0,36.0,0.02,规格书实测
MV-SC5060XM-00C-NNN,16.0,300.0,120.0,72.0,0.04,规格书实测
MV-SC5060XM-00C-NNN,16.0,400.0,160.0,96.0,0.05,规格书实测
MV-SC5060XM-00C-NNN,16.0,600.0,240.0,144.0,0.08,规格书实测
MV-SC5060XM-00C-NNN,16.0,1000.0,400.0,240.0,0.13,规格书实测
MV-SC5060XM-00C-NNN,16.0,2000.0,800.0,480.0,0.25,规格书实测
MV-SC5060XM-00C-NNN,12.0,60.0,32.0,19.0,0.01,规格书实测
MV-SC5060XM-00C-NNN,16.0,100.0,40.0,24.0,0.01,规格书实测
MV-SC5060XM-08M-WBN,8.0,25.0,20.0,12.0,0.01,规格书实测
MV-SC5060XM-12M-WBN,12.0,60.0,32.0,19.0,0.01,规格书实测
MV-SC5060XM-16M-WBN,16.0,100.0,40.0,24.0,0.01,规格书实测
MV-SC5100XC-00C-NNN,8.0,25.0,25.0,17.0,0.01,规格书实测
MV-SC5100XC-00C-NNN,8.0,100.0,100.0,69.0,0.02,规格书实测
MV-SC5100XC-00C-NNN,8.0,200.0,201.0,138.0,0.05,规格书实测
MV-SC5100XC-00C-NNN,8.0,300.0,301.0,207.0,0.07,规格书实测
MV-SC5100XC-00C-NNN,8.0,600.0,602.0,414.0,0.15,规格书实测
MV-SC5100XC-00C-NNN,8.0,1000.0,1003.0,690.0,0.24,规格书实测
MV-SC5100XC-00C-NNN,8.0,2000.0,2006.0,1379.0,0.49,规格书实测
MV-SC5100XC-00C-NNN,8.0,100.0,102.0,70.0,0.02,规格书实测
MV-SC5100XC-00C-NNN,8.0,200.0,205.0,141.0,0.05,规格书实测
MV-SC5100XC-00C-NNN,8.0,300.0,307.0,211.0,0.07,规格书实测
MV-SC5100XC-00C-NNN,8.0,500.0,511.0,352.0,0.12,规格书实测
MV-SC5100XC-00C-NNN,8.0,1000.0,1023.0,703.0,0.25,规格书实测
MV-SC5100XC-00C-NNN,8.0,1500.0,1534.0,1055.0,0.37,规格书实测
MV-SC5100XC-00C-NNN,8.0,2000.0,2046.0,1407.0,0.5,规格书实测
MV-SC5100XC-00C-NNN,12.0,60.0,41.0,28.0,0.01,规格书实测
MV-SC5100XC-00C-NNN,12.0,100.0,68.0,46.0,0.02,规格书实测
MV-SC5100XC-00C-NNN,12.0,200.0,135.0,93.0,0.03,规格书实测
MV-SC5100XC-00C-NNN,12.0,300.0,203.0,139.0,0.05,规格书实测
MV-SC5100XC-00C-NNN,12.0,600.0,406.0,279.0,0.1,规格书实测
MV-SC5100XC-00C-NNN,12.0,1000.0,676.0,465.0,0.17,规格书实测
MV-SC5100XC-00C-NNN,12.0,2000.0,1353.0,930.0,0.33,规格书实测
MV-SC5100XC-00C-NNN,12.0,100.0,68.0,47.0,0.02,规格书实测
MV-SC5100XC-00C-NNN,12.0,200.0,136.0,94.0,0.03,规格书实测
MV-SC5100XC-00C-NNN,12.0,300.0,205.0,141.0,0.05,规格书实测
MV-SC5100XC-00C-NNN,12.0,500.0,341.0,234.0,0.08,规格书实测
MV-SC5100XC-00C-NNN,12.0,1000.0,682.0,469.0,0.17,规格书实测
MV-SC5100XC-00C-NNN,12.0,1500.0,1023.0,703.0,0.25,规格书实测
MV-SC5100XC-00C-NNN,12.0,2000.0,1364.0,938.0,0.33,规格书实测
MV-SC5100XC-00C-NNN,16.0,100.0,51.0,35.0,0.01,规格书实测
MV-SC5100XC-00C-NNN,16.0,150.0,77.0,53.0,0.02,规格书实测
MV-SC5100XC-00C-NNN,16.0,300.0,153.0,105.0,0.04,规格书实测
MV-SC5100XC-00C-NNN,16.0,400.0,205.0,141.0,0.05,规格书实测
MV-SC5100XC-00C-NNN,16.0,600.0,307.0,211.0,0.07,规格书实测
MV-SC5100XC-00C-NNN,16.0,1000.0,511.0,352.0,0.12,规格书实测
MV-SC5100XC-00C-NNN,16.0,2000.0,1023.0,703.0,0.25,规格书实测
MV-SC5100XC-00C-NNN,16.0,100.0,51.0,35.0,0.01,规格书实测
MV-SC5100XC-00C-NNN,16.0,200.0,102.0,70.0,0.02,规格书实测
MV-SC5100XC-00C-NNN,16.0,300.0,153.0,105.0,0.04,规格书实测
MV-SC5100XC-00C-NNN,16.0,500.0,256.0,176.0,0.06,规格书实测
MV-SC5100XC-00C-NNN,16.0,1000.0,511.0,352.0,0.12,规格书实测
MV-SC5100XC-00C-NNN,16.0,1500.0,767.0,527.0,0.19,规格书实测
MV-SC5100XC-00C-NNN,16.0,2000.0,1023.0,703.0,0.25,规格书实测
MV-SC5100XC-08M-WBN,8.0,25.0,25.0,17.0,0.01,规格书实测
MV-SC5100XC-08M-WBN,8.0,100.0,100.0,69.0,0.02,规格书实测
MV-SC5100XC-08M-WBN,8.0,200.0,201.0,138.0,0.05,规格书实测
MV-SC5100XC-08M-WBN,8.0,300.0,301.0,207.0,0.07,规格书实测
MV-SC5100XC-08M-WBN,8.0,600.0,602.0,414.0,0.15,规格书实测
MV-SC5100XC-08M-WBN,8.0,1000.0,1003.0,690.0,0.24,规格书实测
MV-SC5100XC-08M-WBN,8.0,2000.0,2006.0,1379.0,0.49,规格书实测
MV-SC5100XC-08M-WBN,8.0,100.0,102.0,70.0,0.02,规格书实测
MV-SC5100XC-08M-WBN,8.0,200.0,205.0,141.0,0.05,规格书实测
MV-SC5100XC-08M-WBN,8.0,300.0,307.0,211.0,0.07,规格书实测
MV-SC5100XC-08M-WBN,8.0,500.0,511.0,352.0,0.12,规格书实测
MV-SC5100XC-08M-WBN,8.0,1000.0,1023.0,703.0,0.25,规格书实测
MV-SC5100XC-08M-WBN,8.0,1500.0,1534.0,1055.0,0.37,规格书实测
MV-SC5100XC-08M-WBN,8.0,2000.0,2046.0,1407.0,0.5,规格书实测
MV-SC5100XC-12M-WBN,12.0,60.0,41.0,28.0,0.01,规格书实测
MV-SC5100XC-12M-WBN,12.0,100.0,68.0,46.0,0.02,规格书实测
MV-SC5100XC-12M-WBN,12.0,200.0,135.0,93.0,0.03,规格书实测
MV-SC5100XC-12M-WBN,12.0,300.0,203.0,139.0,0.05,规格书实测
MV-SC5100XC-12M-WBN,12.0,600.0,406.0,279.0,0.1,规格书实测
MV-SC5100XC-12M-WBN,12.0,1000.0,676.0,465.0,0.17,规格书实测
MV-SC5100XC-12M-WBN,12.0,2000.0,1353.0,930.0,0.33,规格书实测
MV-SC5100XC-12M-WBN,12.0,100.0,68.0,47.0,0.02,规格书实测
MV-SC5100XC-12M-WBN,12.0,200.0,136.0,94.0,0.03,规格书实测
MV-SC5100XC-12M-WBN,12.0,300.0,205.0,141.0,0.05,规格书实测
MV-SC5100XC-12M-WBN,12.0,500.0,341.0,234.0,0.08,规格书实测
MV-SC5100XC-12M-WBN,12.0,1000.0,682.0,469.0,0.17,规格书实测
MV-SC5100XC-12M-WBN,12.0,1500.0,1023.0,703.0,0.25,规格书实测
MV-SC5100XC-12M-WBN,12.0,2000.0,1364.0,938.0,0.33,规格书实测
MV-SC5100XC-16M-WBN,16.0,100.0,51.0,35.0,0.01,规格书实测
MV-SC5100XC-16M-WBN,16.0,150.0,77.0,53.0,0.02,规格书实测
MV-SC5100XC-16M-WBN,16.0,300.0,153.0,105.0,0.04,规格书实测
MV-SC5100XC-16M-WBN,16.0,400.0,205.0,141.0,0.05,规格书实测
MV-SC5100XC-16M-WBN,16.0,600.0,307.0,211.0,0.07,规格书实测
MV-SC5100XC-16M-WBN,16.0,1000.0,511.0,352.0,0.12,规格书实测
MV-SC5100XC-16M-WBN,16.0,2000.0,1023.0,703.0,0.25,规格书实测
MV-SC5100XC-16M-WBN,16.0,100.0,51.0,35.0,0.01,规格书实测
MV-SC5100XC-16M-WBN,16.0,200.0,102.0,70.0,0.02,规格书实测
MV-SC5100XC-16M-WBN,16.0,300.0,153.0,105.0,0.04,规格书实测
MV-SC5100XC-16M-WBN,16.0,500.0,256.0,176.0,0.06,规格书实测
MV-SC5100XC-16M-WBN,16.0,1000.0,511.0,352.0,0.12,规格书实测
MV-SC5100XC-16M-WBN,16.0,1500.0,767.0,527.0,0.19,规格书实测
MV-SC5100XC-16M-WBN,16.0,2000.0,1023.0,703.0,0.25,规格书实测
MV-SC5100XM-00C-NNN,8.0,25.0,25.0,17.0,0.01,规格书实测
MV-SC5100XM-00C-NNN,8.0,100.0,100.0,69.0,0.02,规格书实测
MV-SC5100XM-00C-NNN,8.0,200.0,201.0,138.0,0.05,规格书实测
MV-SC5100XM-00C-NNN,8.0,300.0,301.0,207.0,0.07,规格书实测
MV-SC5100XM-00C-NNN,8.0,600.0,602.0,414.0,0.15,规格书实测
MV-SC5100XM-00C-NNN,8.0,1000.0,1003.0,690.0,0.24,规格书实测
MV-SC5100XM-00C-NNN,8.0,2000.0,2006.0,1379.0,0.49,规格书实测
MV-SC5100XM-00C-NNN,8.0,100.0,102.0,70.0,0.02,规格书实测
MV-SC5100XM-00C-NNN,8.0,200.0,205.0,141.0,0.05,规格书实测
MV-SC5100XM-00C-NNN,8.0,300.0,307.0,211.0,0.07,规格书实测
MV-SC5100XM-00C-NNN,8.0,500.0,511.0,352.0,0.12,规格书实测
MV-SC5100XM-00C-NNN,8.0,1000.0,1023.0,703.0,0.25,规格书实测
MV-SC5100XM-00C-NNN,8.0,1500.0,1534.0,1055.0,0.37,规格书实测
MV-SC5100XM-00C-NNN,8.0,2000.0,2046.0,1407.0,0.5,规格书实测
MV-SC5100XM-00C-NNN,12.0,60.0,41.0,28.0,0.01,规格书实测
MV-SC5100XM-00C-NNN,12.0,100.0,68.0,46.0,0.02,规格书实测
MV-SC5100XM-00C-NNN,12.0,200.0,135.0,93.0,0.03,规格书实测
MV-SC5100XM-00C-NNN,12.0,300.0,203.0,139.0,0.05,规格书实测
MV-SC5100XM-00C-NNN,12.0,600.0,406.0,279.0,0.1,规格书实测
MV-SC5100XM-00C-NNN,12.0,1000.0,676.0,465.0,0.17,规格书实测
MV-SC5100XM-00C-NNN,12.0,2000.0,1353.0,930.0,0.33,规格书实测
MV-SC5100XM-00C-NNN,12.0,100.0,68.0,47.0,0.02,规格书实测
MV-SC5100XM-00C-NNN,12.0,200.0,136.0,94.0,0.03,规格书实测
MV-SC5100XM-00C-NNN,12.0,300.0,205.0,141.0,0.05,规格书实测
MV-SC5100XM-00C-NNN,12.0,500.0,341.0,234.0,0.08,规格书实测
MV-SC5100XM-00C-NNN,12.0,1000.0,682.0,469.0,0.17,规格书实测
MV-SC5100XM-00C-NNN,12.0,1500.0,1023.0,703.0,0.25,规格书实测
MV-SC5100XM-00C-NNN,12.0,2000.0,1364.0,938.0,0.33,规格书实测
MV-SC5100XM-00C-NNN,16.0,100.0,51.0,35.0,0.01,规格书实测
MV-SC5100XM-00C-NNN,16.0,150.0,77.0,53.0,0.02,规格书实测
MV-SC5100XM-00C-NNN,16.0,300.0,153.0,105.0,0.04,规格书实测
MV-SC5100XM-00C-NNN,16.0,400.0,205.0,141.0,0.05,规格书实测
MV-SC5100XM-00C-NNN,16.0,600.0,307.0,211.0,0.07,规格书实测
MV-SC5100XM-00C-NNN,16.0,1000.0,511.0,352.0,0.12,规格书实测
MV-SC5100XM-00C-NNN,16.0,2000.0,1023.0,703.0,0.25,规格书实测
MV-SC5100XM-00C-NNN,16.0,100.0,51.0,35.0,0.01,规格书实测
MV-SC5100XM-00C-NNN,16.0,200.0,102.0,70.0,0.02,规格书实测
MV-SC5100XM-00C-NNN,16.0,300.0,153.0,105.0,0.04,规格书实测
MV-SC5100XM-00C-NNN,16.0,500.0,256.0,176.0,0.06,规格书实测
MV-SC5100XM-00C-NNN,16.0,1000.0,511.0,352.0,0.12,规格书实测
MV-SC5100XM-00C-NNN,16.0,1500.0,767.0,527.0,0.19,规格书实测
MV-SC5100XM-00C-NNN,16.0,2000.0,1023.0,703.0,0.25,规格书实测
MV-SC5100XM-08M-WBN,8.0,25.0,25.0,17.0,0.01,规格书实测
MV-SC5100XM-08M-WBN,8.0,100.0,100.0,69.0,0.02,规格书实测
MV-SC5100XM-08M-WBN,8.0,200.0,201.0,138.0,0.05,规格书实测
MV-SC5100XM-08M-WBN,8.0,300.0,301.0,207.0,0.07,规格书实测
MV-SC5100XM-08M-WBN,8.0,600.0,602.0,414.0,0.15,规格书实测
MV-SC5100XM-08M-WBN,8.0,1000.0,1003.0,690.0,0.24,规格书实测
MV-SC5100XM-08M-WBN,8.0,2000.0,2006.0,1379.0,0.49,规格书实测
MV-SC5100XM-08M-WBN,8.0,100.0,102.0,70.0,0.02,规格书实测
MV-SC5100XM-08M-WBN,8.0,200.0,205.0,141.0,0.05,规格书实测
MV-SC5100XM-08M-WBN,8.0,300.0,307.0,211.0,0.07,规格书实测
MV-SC5100XM-08M-WBN,8.0,500.0,511.0,352.0,0.12,规格书实测
MV-SC5100XM-08M-WBN,8.0,1000.0,1023.0,703.0,0.25,规格书实测
MV-SC5100XM-08M-WBN,8.0,1500.0,1534.0,1055.0,0.37,规格书实测
MV-SC5100XM-08M-WBN,8.0,2000.0,2046.0,1407.0,0.5,规格书实测
MV-SC5100XM-12M-WBN,12.0,60.0,41.0,28.0,0.01,规格书实测
MV-SC5100XM-12M-WBN,12.0,100.0,68.0,46.0,0.02,规格书实测
MV-SC5100XM-12M-WBN,12.0,200.0,135.0,93.0,0.03,规格书实测
MV-SC5100XM-12M-WBN,12.0,300.0,203.0,139.0,0.05,规格书实测
MV-SC5100XM-12M-WBN,12.0,600.0,406.0,279.0,0.1,规格书实测
MV-SC5100XM-12M-WBN,12.0,1000.0,676.0,465.0,0.17,规格书实测
MV-SC5100XM-12M-WBN,12.0,2000.0,1353.0,930.0,0.33,规格书实测
MV-SC5100XM-12M-WBN,12.0,100.0,68.0,47.0,0.02,规格书实测
MV-SC5100XM-12M-WBN,12.0,200.0,136.0,94.0,0.03,规格书实测
MV-SC5100XM-12M-WBN,12.0,300.0,205.0,141.0,0.05,规格书实测
MV-SC5100XM-12M-WBN,12.0,500.0,341.0,234.0,0.08,规格书实测
MV-SC5100XM-12M-WBN,12.0,1000.0,682.0,469.0,0.17,规格书实测
MV-SC5100XM-12M-WBN,12.0,1500.0,1023.0,703.0,0.25,规格书实测
MV-SC5100XM-12M-WBN,12.0,2000.0,1364.0,938.0,0.33,规格书实测
MV-SC5100XM-16M-WBN,16.0,100.0,51.0,35.0,0.01,规格书实测
MV-SC5100XM-16M-WBN,16.0,150.0,77.0,53.0,0.02,规格书实测
MV-SC5100XM-16M-WBN,16.0,300.0,153.0,105.0,0.04,规格书实测
MV-SC5100XM-16M-WBN,16.0,400.0,205.0,141.0,0.05,规格书实测
MV-SC5100XM-16M-WBN,16.0,600.0,307.0,211.0,0.07,规格书实测
MV-SC5100XM-16M-WBN,16.0,1000.0,511.0,352.0,0.12,规格书实测
MV-SC5100XM-16M-WBN,16.0,2000.0,1023.0,703.0,0.25,规格书实测
MV-SC5100XM-16M-WBN,16.0,100.0,51.0,35.0,0.01,规格书实测
MV-SC5100XM-16M-WBN,16.0,200.0,102.0,70.0,0.02,规格书实测
MV-SC5100XM-16M-WBN,16.0,300.0,153.0,105.0,0.04,规格书实测
MV-SC5100XM-16M-WBN,16.0,500.0,256.0,176.0,0.06,规格书实测
MV-SC5100XM-16M-WBN,16.0,1000.0,511.0,352.0,0.12,规格书实测
MV-SC5100XM-16M-WBN,16.0,1500.0,767.0,527.0,0.19,规格书实测
MV-SC5100XM-16M-WBN,16.0,2000.0,1023.0,703.0,0.25,规格书实测
MV-SC6016C-16M-XBN,16.0,100.0,30.0,22.0,0.022,规格书实测
MV-SC6016C-16M-XBN,16.0,2000.0,607.0,442.0,0.431,规格书实测
MV-SC6016M-12M-XBN,12.0,100.0,40.0,30.0,0.029,规格书实测
MV-SC6016M-12M-XBN,12.0,2000.0,810.0,590.0,0.575,规格书实测
MV-SC6050C-16M-XBN,16.0,100.0,52.0,44.0,0.022,规格书实测
MV-SC6050C-16M-XBN,16.0,2000.0,1050.0,883.0,0.431,规格书实测
MV-SC6050M-08M-XBN,8.0,100.0,100.0,88.0,0.043,规格书实测
MV-SC6050M-08M-XBN,8.0,2000.0,2000.0,1750.0,0.863,规格书实测
MV-SC6500-AI-WID,12.0,50,20.2,14.7,14.38,理论估算
MV-SC6500-AI-WID,12.0,100,40.5,29.4,28.75,理论估算
MV-SC6500-AI-WID,12.0,150,60.7,44.2,43.13,理论估算
MV-SC6500-AI-WID,12.0,200,81.0,58.9,57.5,理论估算
MV-SC6500-AI-WID,12.0,300,121.4,88.3,86.25,理论估算
MV-SC6500-AI-WID,12.0,500,202.4,147.2,143.75,理论估算
